"canonical_name","ingredient_type","allergen_codes","certainty","e_number","additive_category_code","concern_level","aliases","explanation_en"
"Whole milk powder","allergen_source","MILK","definite","","","","milk powder|dried milk|milk solids","Milk that has been dried into powder form. Contains milk proteins and lactose."
"Buttermilk","allergen_source","MILK","definite","","","","cultured buttermilk","A dairy product made from the liquid left after churning butter."
"Ghee","allergen_source","MILK","definite","","","","clarified butter","Butter that has been simmered to remove milk solids and water; still a dairy-derived product."
"Egg white","allergen_source","EGG","definite","","","","albumen","The clear part of an egg, separate from the yolk."
"Albumin","allergen_source","EGG","probable","","","","egg albumin","A protein most commonly derived from egg white, used as a binder or foaming agent."
"Lysozyme","allergen_source","EGG","definite","","","","egg lysozyme","An enzyme derived from egg white, sometimes used as a natural preservative in cheese."
"Peanut oil","allergen_source","PEANUT","definite","","","","groundnut oil|arachis oil","Oil pressed from peanuts. Highly refined peanut oil is sometimes tolerated by peanut-allergic individuals, but should still be avoided without medical advice."
"Peanut butter","allergen_source","PEANUT","definite","","","","groundnut paste","A paste made from ground peanuts."
"Almond","allergen_source","TREE_NUT","definite","","","","almond flour","A tree nut, often used whole, sliced, or ground into flour."
"Cashew","allergen_source","TREE_NUT","definite","","","","cashew nut|cashew paste","A tree nut commonly used whole or as a paste/butter."
"Hazelnut","allergen_source","TREE_NUT","definite","","","","filbert","A tree nut common in chocolate spreads and confectionery."
"Walnut","allergen_source","TREE_NUT","definite","","","","","A tree nut, often used chopped or as an oil."
"Soy protein isolate","allergen_source","SOY","definite","","","","textured soy protein|isolated soy protein","A concentrated protein extracted from soybeans."
"Soy sauce","allergen_source","SOY|WHEAT","definite","","","","soya sauce","A fermented condiment made from soybeans; many varieties also contain wheat."
"Wheat flour","allergen_source","WHEAT","definite","","","","plain flour|all-purpose flour|refined flour","Flour milled from wheat grain. Also a source of gluten."
"Vital wheat gluten","allergen_source","WHEAT","definite","","","","wheat gluten","The concentrated protein (gluten) extracted from wheat flour."
"Semolina","allergen_source","WHEAT","definite","","","","durum wheat semolina","A coarse flour milled from durum wheat, common in pasta."
"Fish sauce","allergen_source","FISH","definite","","","","nam pla","A condiment made from fermented fish, common in Southeast Asian cooking."
"Anchovy extract","allergen_source","FISH","definite","","","","anchovy paste","A concentrated flavouring made from anchovies."
"Fish gelatin","allergen_source","FISH","definite","","","","fish collagen","Gelatin derived from fish skin/bones, used as a gelling agent."
"Shrimp powder","allergen_source","SHELLFISH","definite","","","","dried shrimp powder","A flavouring made from dried, ground shrimp."
"Crab extract","allergen_source","SHELLFISH","definite","","","","crab flavouring","A flavouring derived from crab, sometimes used in imitation seafood."
"Sesame oil","allergen_source","SESAME","definite","","","","gingelly oil|til oil","Oil pressed from sesame seeds."
"Tahini","allergen_source","SESAME","definite","","","","sesame paste|tahina|ardeh|sesame butter","A paste made from ground sesame seeds."
"Sodium benzoate","additive","","","E211","PRESERVATIVE","1","","A preservative that inhibits the growth of mould, yeast and some bacteria."
"Potassium sorbate","additive","","","E202","PRESERVATIVE","1","","A preservative widely used to prevent mould and yeast growth in food."
"Sodium nitrite","additive","","","E250","PRESERVATIVE","3","","A preservative and colour-fixative used mainly in cured meats; consumption is regulated due to nitrosamine formation risk when overheated."
"Citric acid","additive","","","E330","ACIDITY_REGULATOR","1","","A natural acid used to add tartness and control acidity; also acts as a preservative."
"Ascorbic acid","additive","","","E300","ANTIOXIDANT","1","vitamin C","Vitamin C, used both as a nutrient and to prevent browning/oxidation."
"Sodium erythorbate","additive","","","E316","ANTIOXIDANT","1","","An antioxidant closely related to vitamin C, used to preserve colour and freshness."
"Xanthan gum","additive","","","E415","THICKENER","1","","A common thickening and stabilising agent produced by fermenting sugar with bacteria."
"Carrageenan","additive","","","E407","STABILISER","2","","A thickener/stabiliser extracted from red seaweed."
"Aspartame","additive","","","E951","SWEETENER","2","","An artificial low-calorie sweetener. Not suitable for people with phenylketonuria (PKU)."
"Sucralose","additive","","","E955","SWEETENER","1","","An artificial low-calorie sweetener made from sugar."
"Sunset yellow","additive","","","E110","COLOUR","3","sunset yellow fcf","A synthetic orange-yellow food colouring; some studies link azo dyes to hyperactivity in sensitive children."
"Allura red","additive","","","E129","COLOUR","3","allura red ac","A synthetic red food colouring; some studies link azo dyes to hyperactivity in sensitive children."
"Maltodextrin","neutral","","","","","","","A mildly sweet carbohydrate filler made from starch. Not an allergen itself, but can be derived from wheat or corn."
"Guar gum","additive","","","E412","THICKENER","1","","A thickening agent derived from guar beans."
"Calcium propionate","additive","","","E282","PRESERVATIVE","1","","A preservative commonly used in bread to inhibit mould growth."
"Whey protein hydrolysate","allergen_source","MILK","definite","","","","hydrolysed whey protein|hydrolyzed whey|whey peptides","Whey protein broken into smaller peptides; still contains milk protein and is unsafe for a milk allergy."
"Whey protein isolate","allergen_source","MILK","definite","","","","wpi|isolated whey protein","A highly refined milk protein from whey, common in protein powders and bars."
"Sodium caseinate","allergen_source","MILK","definite","","","","caseinate|sodium casein","A milk protein salt used as a whitener and emulsifier in coffee creamers and processed meats."
"Calcium caseinate","allergen_source","MILK","definite","","","","calcium casein","A milk protein salt used in nutrition bars, imitation cheese and supplements."
"Lactalbumin","allergen_source","MILK","definite","","","","alpha-lactalbumin|milk albumin","A whey protein fraction from milk."
"Lactoglobulin","allergen_source","MILK","definite","","","","beta-lactoglobulin","The major whey protein in cow's milk and a common trigger of milk allergy."
"Lactoferrin","allergen_source","MILK","definite","","","","milk lactoferrin","An iron-binding protein isolated from milk, used in some infant formulas and supplements."
"Rennet casein","allergen_source","MILK","definite","","","","cheese casein","A milk protein coagulated with rennet, used to make imitation and processed cheese."
"Milk fat","allergen_source","MILK","definite","","","","butterfat|anhydrous milk fat|amf|milk fat fraction","The fat portion of milk; can still carry traces of milk protein."
"Skimmed milk powder","allergen_source","MILK","definite","","","","skim milk powder|non-fat dry milk|nonfat milk solids|smp","Milk with the fat removed, then dried to a powder. Contains milk protein and lactose."
"Condensed milk","allergen_source","MILK","definite","","","","sweetened condensed milk","Milk reduced by evaporation and heavily sweetened."
"Evaporated milk","allergen_source","MILK","definite","","","","unsweetened condensed milk","Milk with about 60% of its water removed by evaporation."
"Cream","allergen_source","MILK","definite","","","","single cream|double cream|heavy cream|whipping cream|fresh cream","The high-fat layer of milk."
"Sour cream","allergen_source","MILK","definite","","","","soured cream|cultured cream","Cream fermented with lactic acid bacteria."
"Creme fraiche","allergen_source","MILK","definite","","","","crème fraîche","A soured cream of French origin with a high fat content."
"Cheese","allergen_source","MILK","definite","","","","cheddar|mozzarella|parmesan|gouda|edam|feta|cream cheese|processed cheese|cheese powder","A dairy product made by coagulating milk; all types contain milk protein."
"Paneer","allergen_source","MILK","definite","","","","cottage cheese|chhena|chenna","A fresh, non-melting cheese common in South Asian cooking."
"Curd","allergen_source","MILK","definite","","","","dahi|milk curd","Milk set with acid or culture; the South Asian equivalent of plain yoghurt."
"Yoghurt","allergen_source","MILK","definite","","","","yogurt|yoghurt powder","Milk fermented with live cultures."
"Kefir","allergen_source","MILK","definite","","","","milk kefir","A fermented milk drink made with kefir grains."
"Custard","allergen_source","MILK|EGG","definite","","","","custard powder|creme anglaise","A dessert sauce typically made from milk and egg yolks."
"Milk chocolate","allergen_source","MILK|SOY","definite","","","","","Chocolate made with milk solids; also usually contains soy lecithin."
"Khoya","allergen_source","MILK","definite","","","","mawa|khoa|dried whole milk solids","Milk thickened by long simmering, used in Indian sweets."
"Malai","allergen_source","MILK","definite","","","","clotted cream","The thick cream skimmed from boiled milk."
"Milk permeate","allergen_source","MILK","probable","","","","dairy permeate|deproteinised whey","The lactose-rich liquid left after proteins are filtered from milk; may retain traces of milk protein."
"Recaldent","allergen_source","MILK","definite","","","","cpp-acp|casein phosphopeptide","A milk-derived compound (from casein) added to some chewing gums and dental products."
"Lactose","allergen_source","MILK","probable","","","","milk sugar","The natural sugar of milk. Usually carries trace milk protein and is avoided in milk allergy."
"Butter oil","allergen_source","MILK","definite","","","","clarified butter oil","Concentrated milk fat with water and solids removed."
"Buttermilk powder","allergen_source","MILK","definite","","","","dried buttermilk|buttermilk solids","Dried buttermilk, used in ranch seasoning, pancakes and baked goods."
"Milk protein concentrate","allergen_source","MILK","definite","","","","mpc|milk protein isolate|mpi","Milk filtered to concentrate both casein and whey proteins."
"Whole egg","allergen_source","EGG","definite","","","","egg|hen egg|dried egg|egg powder|liquid egg|pasteurised egg|frozen egg","Hen's egg in any form — fresh, dried or liquid."
"Egg yolk","allergen_source","EGG","definite","","","","dried egg yolk|egg yolk powder|yolk","The yellow part of the egg, rich in fat and the protein livetin."
"Egg white powder","allergen_source","EGG","definite","","","","dried egg white|dried albumen|spray-dried egg white","Dehydrated egg white, used in meringues, marshmallows and protein products."
"Ovalbumin","allergen_source","EGG","definite","","","","ova albumin","The most abundant protein in egg white."
"Ovomucoid","allergen_source","EGG","definite","","","","egg ovomucoid","A heat-stable egg-white protein and a major egg allergen."
"Ovotransferrin","allergen_source","EGG","definite","","","","conalbumin","An iron-binding protein of egg white."
"Ovoglobulin","allergen_source","EGG","definite","","","","egg globulin","A group of egg-white proteins."
"Livetin","allergen_source","EGG","definite","","","","egg livetin|alpha-livetin","An egg-yolk protein also linked to bird-egg syndrome."
"Vitellin","allergen_source","EGG","definite","","","","ovovitellin|egg vitellin","The main phosphoprotein of egg yolk."
"Egg lecithin","allergen_source","EGG","definite","E322","EMULSIFIER","1","lecithin (egg)","Lecithin extracted from egg yolk; used as an emulsifier and unsafe in egg allergy."
"Meringue","allergen_source","EGG","definite","","","","meringue powder","Whipped egg white and sugar, baked until crisp."
"Mayonnaise","allergen_source","EGG","definite","","","","mayo|egg mayonnaise|aioli","An emulsion of oil, egg yolk and an acid such as vinegar or lemon juice."
"Egg wash","allergen_source","EGG","definite","","","","egg glaze","Beaten egg brushed onto pastry and bread for a glossy finish."
"Powdered egg","allergen_source","EGG","definite","","","","egg solids|dehydrated egg","Whole egg dried to a shelf-stable powder, common in cake mixes."
"Peanut flour","allergen_source","PEANUT","definite","","","","defatted peanut flour|peanut powder","Ground, often partly de-fatted peanuts, used in baked goods, sauces and sports nutrition."
"Hydrolysed peanut protein","allergen_source","PEANUT","definite","","","","hydrolyzed peanut protein|peanut protein hydrolysate","Peanut protein broken into peptides; still allergenic."
"Peanut protein","allergen_source","PEANUT","definite","","","","peanut protein isolate|arachis protein","Concentrated protein extracted from peanuts."
"Groundnut","allergen_source","PEANUT","definite","","","","groundnuts|monkey nut|monkey nuts|arachis hypogaea|arachis|earthnut","Another name for peanut, common on South Asian and UK labels."
"Mandelonas","allergen_source","PEANUT","definite","","","","nu-nuts|flavoured peanuts","Peanuts soaked and flavoured to imitate almonds or pecans."
"Beer nuts","allergen_source","PEANUT","definite","","","","","A sweet-and-salty glazed peanut snack."
"Peanut butter chips","allergen_source","PEANUT|SOY|MILK","definite","","","","peanut butter baking chips","Baking chips made from peanut butter, sugar, milk and soy lecithin."
"Pecan","allergen_source","TREE_NUT","definite","","","","pecan nut|pecan meal|pecan butter","A tree nut related to walnut, common in pies and pralines."
"Pistachio","allergen_source","TREE_NUT","definite","","","","pistachio nut|pistachio paste|pistachio butter","A green tree nut used in ice cream, baklava and confectionery."
"Macadamia","allergen_source","TREE_NUT","definite","","","","macadamia nut|queensland nut|bush nut","A rich, buttery tree nut."
"Brazil nut","allergen_source","TREE_NUT","definite","","","","para nut","A large tree nut from the Amazon; a potent allergen."
"Pine nut","allergen_source","TREE_NUT","possible","","","","pignoli|pinon|cedar nut|chilgoza","The seed of pine trees, used in pesto. Regulatory treatment as a tree nut varies by country."
"Chestnut","allergen_source","TREE_NUT","definite","","","","sweet chestnut|marron","A starchy tree nut used roasted or as flour and puree."
"Almond meal","allergen_source","TREE_NUT","definite","","","","ground almonds|almond powder|almond butter|almond paste|marzipan|almond milk","Ground almonds; the base of marzipan and many gluten-free bakes."
"Nut butter","allergen_source","TREE_NUT","definite","","","","mixed nut butter|hazelnut butter","A spread made from ground tree nuts."
"Gianduja","allergen_source","TREE_NUT|MILK|SOY","definite","","","","gianduia|hazelnut chocolate","A sweet chocolate blended with hazelnut paste; usually also contains milk and soy lecithin."
"Nougat","allergen_source","TREE_NUT|EGG","definite","","","","turron|torrone","A confection of whipped egg white, sugar and roasted nuts (often almond or pistachio)."
"Praline","allergen_source","TREE_NUT","definite","","","","hazelnut praline|almond praline","Caramelised sugar set with nuts, usually almonds or hazelnuts, then ground."
"Walnut oil","allergen_source","TREE_NUT","definite","","","","","Oil pressed from walnuts; unrefined oils retain nut protein."
"Natural almond flavouring","allergen_source","TREE_NUT","possible","","","","bitter almond flavour","Almond flavouring; natural forms can be derived from almond or stone-fruit kernels and may carry nut protein."
"Amaretto","allergen_source","TREE_NUT","possible","","","","almond liqueur","An almond-flavoured liqueur; some brands are made with almond or apricot kernels."
"Coconut","allergen_source","TREE_NUT","possible","","","","desiccated coconut|coconut flesh|creamed coconut|coconut flour","A palm fruit. The US FDA classifies it as a tree nut for labelling; most people with tree-nut allergy tolerate it, but check with a doctor."
"Soybean","allergen_source","SOY","definite","","","","soya bean|soja|glycine max|soybeans","The bean from which most soy ingredients are made."
"Edamame","allergen_source","SOY","definite","","","","green soybeans|mukimame","Immature soybeans, served in the pod or shelled."
"Tofu","allergen_source","SOY","definite","","","","bean curd|soybean curd|dou fu","Soy milk curdled and pressed into blocks."
"Tempeh","allergen_source","SOY","definite","","","","fermented soybean cake","A firm cake of whole soybeans fermented with a mould."
"Miso","allergen_source","SOY","definite","","","","miso paste|soybean paste|doenjang","A fermented soybean paste; some varieties also contain barley or rice."
"Natto","allergen_source","SOY","definite","","","","fermented soybeans","Sticky fermented whole soybeans."
"Soy flour","allergen_source","SOY","definite","","","","soya flour|soybean flour|kinako|roasted soy flour","Finely ground soybeans, used to enrich bread and as a binder."
"Soy milk","allergen_source","SOY","definite","","","","soya milk|soy drink|soy beverage","A drink made by soaking and grinding soybeans."
"Textured vegetable protein","allergen_source","SOY","definite","","","","tvp|textured soy protein|soy chunks|soya mince|soy nuggets","Defatted soy flour processed into a chewy, meat-like texture."
"Hydrolysed soy protein","allergen_source","SOY","definite","","","","hydrolyzed soy protein|hsp|soy protein hydrolysate","Soy protein broken down with acid or enzymes and used as a savoury flavouring."
"Soybean oil","allergen_source","SOY","probable","","","","soya oil|soy oil|soyabean oil","Oil from soybeans. Highly refined soybean oil is generally tolerated, but cold-pressed oil retains protein."
"Tamari","allergen_source","SOY","definite","","","","tamari soy sauce","A mostly-wheat-free Japanese soy sauce; still contains soy and some brands add wheat."
"Shoyu","allergen_source","SOY|WHEAT","definite","","","","japanese soy sauce","A Japanese soy sauce brewed from soybeans and roughly equal wheat."
"Okara","allergen_source","SOY","definite","","","","soy pulp|tofu lees|soybean pulp","The fibrous pulp left after making soy milk or tofu."
"Yuba","allergen_source","SOY","definite","","","","tofu skin|bean curd skin|soy milk skin","The skin that forms on heated soy milk, dried into sheets."
"Soy sauce powder","allergen_source","SOY|WHEAT","definite","","","","soya sauce powder|dried soy sauce","Dehydrated soy sauce used in seasoning blends and snack coatings."
"Wheat starch","allergen_source","WHEAT|GLUTEN","definite","","","","","Starch separated from wheat flour; can retain small amounts of gluten unless labelled gluten-free."
"Wheat bran","allergen_source","WHEAT|GLUTEN","definite","","","","","The fibrous outer layer of the wheat grain."
"Wheat germ","allergen_source","WHEAT|GLUTEN","definite","","","","wheatgerm|wheat germ oil","The nutrient-rich embryo of the wheat grain."
"Hydrolysed wheat protein","allergen_source","WHEAT|GLUTEN","definite","","","","hydrolyzed wheat protein|hwp|wheat protein hydrolysate","Wheat protein broken into peptides, used in sauces, meat substitutes and some cosmetics."
"Farina","allergen_source","WHEAT|GLUTEN","definite","","","","wheat farina|cream of wheat","A milled wheat cereal, coarser than flour."
"Bulgur","allergen_source","WHEAT|GLUTEN","definite","","","","bulghur|burghul|cracked wheat","Parboiled, dried and cracked wheat, used in tabbouleh and pilafs."
"Couscous","allergen_source","WHEAT|GLUTEN","definite","","","","cous cous|moghrabieh","Tiny steamed granules of rolled durum-wheat semolina."
"Spelt","allergen_source","WHEAT|GLUTEN","definite","","","","dinkel wheat|spelt flour","An ancient variety of wheat; contains gluten and cross-reacts with wheat allergy."
"Kamut","allergen_source","WHEAT|GLUTEN","definite","","","","khorasan wheat|oriental wheat","A large-grained ancient wheat, sold under the Kamut trademark."
"Einkorn","allergen_source","WHEAT|GLUTEN","definite","","","","einkorn wheat","One of the earliest cultivated wheats; still a gluten-containing wheat."
"Emmer","allergen_source","WHEAT|GLUTEN","definite","","","","emmer wheat|farro","An ancient hulled wheat, often sold as farro."
"Triticale","allergen_source","WHEAT|GLUTEN","definite","","","","","A wheat–rye hybrid grain; contains gluten."
"Seitan","allergen_source","WHEAT|GLUTEN","definite","","","","wheat meat|mock duck","Cooked wheat gluten used as a high-protein meat substitute."
"Matzo","allergen_source","WHEAT|GLUTEN","definite","","","","matzah|matza|matzo meal|matzah meal","An unleavened wheat flatbread; matzo meal is ground matzo."
"Graham flour","allergen_source","WHEAT|GLUTEN","definite","","","","graham cracker crumb","A coarse wholewheat flour used in graham crackers and pie crusts."
"Maida","allergen_source","WHEAT|GLUTEN","definite","","","","refined wheat flour","Finely milled, refined wheat flour common in South Asian cooking."
"Atta","allergen_source","WHEAT|GLUTEN","definite","","","","chapati flour|wholewheat atta|roti flour","Wholewheat flour used for chapati, roti and paratha."
"Rava","allergen_source","WHEAT|GLUTEN","definite","","","","sooji|suji","Coarse wheat semolina used in upma, rava dosa and halwa."
"Durum wheat","allergen_source","WHEAT|GLUTEN","definite","","","","triticum durum|pasta wheat","The hard wheat used to make pasta and couscous."
"Barley","allergen_source","GLUTEN","definite","","","","pearl barley|barley flour|barley flakes|hordeum vulgare","A gluten-containing cereal grain; not wheat, but unsafe for coeliac disease."
"Barley malt extract","allergen_source","GLUTEN","definite","","","","malt extract|malted barley extract|liquid malt","A syrup from sprouted barley, used for flavour and colour in cereals and baked goods."
"Malt","allergen_source","GLUTEN","definite","","","","malted barley|malt flavouring|malt syrup|diastatic malt","Sprouted then kilned grain, almost always barley; contains gluten."
"Malt vinegar","allergen_source","GLUTEN","probable","","","","barley malt vinegar","Vinegar made from malted barley; may contain residual gluten."
"Rye","allergen_source","GLUTEN","definite","","","","rye flour|rye flakes|rye meal|secale cereale|pumpernickel","A gluten-containing grain used in dark and sourdough breads."
"Oats","allergen_source","GLUTEN","possible","","","","oat|rolled oats|oat flour|oatmeal|porridge oats|oat bran","Oats are gluten-free by nature but very often cross-contaminated with wheat, barley or rye unless labelled gluten-free."
"Brewer's yeast","allergen_source","GLUTEN","possible","","","","brewers yeast","A by-product of beer brewing; can carry gluten from the barley mash."
"Wheat dextrin","allergen_source","WHEAT|GLUTEN","possible","","","","resistant wheat dextrin","A soluble fibre made from wheat starch; highly processed but still declared as wheat."
"Modified wheat starch","allergen_source","WHEAT|GLUTEN","definite","","","","","Wheat starch chemically or physically altered to change its thickening behaviour."
"Cod","allergen_source","FISH","definite","","","","codfish|salt cod|bacalao|cod roe","A white-fleshed fish; salt cod and cod roe are common processed forms."
"Salmon","allergen_source","FISH","definite","","","","smoked salmon|salmon oil|salmon roe|lox","An oily pink fish, eaten fresh, smoked or cured."
"Tuna","allergen_source","FISH","definite","","","","canned tuna|tuna flakes|katsuo","A large oily fish, widely canned."
"Sardine","allergen_source","FISH","definite","","","","pilchard|sardines","A small oily fish, usually canned."
"Mackerel","allergen_source","FISH","definite","","","","","An oily fish, often smoked or canned."
"Herring","allergen_source","FISH","definite","","","","kipper|rollmop|pickled herring|schmaltz herring","An oily fish, frequently pickled or smoked."
"Anchovy","allergen_source","FISH","definite","","","","anchovies|anchovy paste|colatura","A small, strongly flavoured fish used whole or as a paste; hidden in many sauces and dressings."
"Worcestershire sauce","allergen_source","FISH","definite","","","","worcester sauce","A fermented condiment that contains anchovies."
"Fish stock","allergen_source","FISH","definite","","","","fish bouillon|fish broth|fumet|fish stock cube","A savoury liquid simmered from fish bones and trimmings."
"Bonito flakes","allergen_source","FISH","definite","","","","katsuobushi|bonito|dried bonito","Shavings of dried, smoked skipjack tuna, central to Japanese dashi."
"Dashi","allergen_source","FISH","definite","","","","dashi stock|hondashi|dashi powder","A Japanese stock usually made from bonito flakes and kombu seaweed."
"Fish oil","allergen_source","FISH","probable","","","","omega-3 fish oil|marine oil","Oil extracted from oily fish; refined fish oil often still contains fish protein."
"Isinglass","allergen_source","FISH","definite","","","","fish bladder|finings","A collagen from fish swim bladders used to clarify beer and wine."
"Surimi","allergen_source","FISH|SHELLFISH","definite","","","","imitation crab|crab sticks|seafood sticks|krab","A paste of minced white fish, moulded and flavoured to imitate crab or lobster."
"Caviar","allergen_source","FISH","definite","","","","fish roe|salmon roe|ikura|masago|tobiko|lumpfish roe","Salted fish eggs."
"Shrimp","allergen_source","SHELLFISH","definite","","","","prawn|prawns|shrimps|dried shrimp|shrimp meal|shrimp extract","A small crustacean; one of the most common shellfish allergens."
"Crab","allergen_source","SHELLFISH","definite","","","","crabmeat|crab paste|soft-shell crab","A crustacean eaten for its leg and body meat."
"Lobster","allergen_source","SHELLFISH","definite","","","","lobster meat|langouste|spiny lobster|lobster bisque","A large marine crustacean."
"Crayfish","allergen_source","SHELLFISH","definite","","","","crawfish|crawdad|yabby|ecrevisse","A freshwater crustacean resembling a small lobster."
"Langoustine","allergen_source","SHELLFISH","definite","","","","scampi|norway lobster|dublin bay prawn","A slim, lobster-like crustacean; 'scampi' on menus."
"Krill","allergen_source","SHELLFISH","definite","","","","krill oil|krill meal","Tiny shrimp-like crustaceans; krill oil is sold as an omega-3 supplement."
"Prawn paste","allergen_source","SHELLFISH","definite","","","","shrimp paste|belacan|terasi|kapi|bagoong|gapi","A pungent fermented paste of ground shrimp, used across Southeast Asia."
"Oyster","allergen_source","SHELLFISH","definite","","","","oysters|oyster extract","A bivalve mollusc; a mollusc-type shellfish."
"Oyster sauce","allergen_source","SHELLFISH","definite","","","","oyster flavoured sauce","A thick sauce made from oyster extract, sugar and salt."
"Mussel","allergen_source","SHELLFISH","definite","","","","mussels|green-lipped mussel|moules","A bivalve mollusc, usually steamed in the shell."
"Clam","allergen_source","SHELLFISH","definite","","","","clams|clam juice|vongole|clam extract","A bivalve mollusc; clam juice flavours chowders and sauces."
"Scallop","allergen_source","SHELLFISH","definite","","","","scallops|coquille","A bivalve mollusc, eaten for its sweet adductor muscle."
"Squid","allergen_source","SHELLFISH","definite","","","","calamari|squid ink","A cephalopod mollusc; served as calamari and its ink colours pasta and rice."
"Octopus","allergen_source","SHELLFISH","definite","","","","pulpo|tako","A cephalopod mollusc."
"Snail","allergen_source","SHELLFISH","definite","","","","escargot|land snail","An edible land mollusc; grouped with molluscan shellfish for allergy labelling."
"Abalone","allergen_source","SHELLFISH","definite","","","","paua|ormer|sea ear","A large marine gastropod mollusc."
"Cockle","allergen_source","SHELLFISH","definite","","","","cockles","A small edible bivalve mollusc."
"Whelk","allergen_source","SHELLFISH","definite","","","","sea snail|buccinum","An edible marine gastropod mollusc."
"Sesame seed","allergen_source","SESAME","definite","","","","sesame seeds|sesamum indicum|benne seed|benniseed|til|gingelly|ellu","Small oil-rich seeds used whole on breads and buns and ground into paste."
"Sesame flour","allergen_source","SESAME","definite","","","","sesame meal|ground sesame|sesame powder","Ground sesame seeds, sometimes used to boost protein in baked goods."
"Halva","allergen_source","SESAME","definite","","","","halvah|tahini halva","A dense sweet confection based on sesame paste and sugar."
"Gomashio","allergen_source","SESAME","definite","","","","gomasio|sesame salt","A Japanese condiment of toasted sesame seeds and salt."
"Za'atar","allergen_source","SESAME","definite","","","","zaatar|zahtar","A Middle Eastern spice blend of herbs, sumac and toasted sesame seeds."
"Hummus","allergen_source","SESAME","definite","","","","houmous|hommus|chickpea dip","A dip of blended chickpeas and tahini (sesame paste)."
"Toasted sesame oil","allergen_source","SESAME","definite","","","","cold-pressed sesame oil|unrefined sesame oil","Aromatic oil from roasted sesame seeds; retains sesame protein."
"Mustard seed","allergen_source","MUSTARD","definite","","","","mustard seeds|yellow mustard seed|brown mustard seed|black mustard seed|rai|sarson","The small seeds of the mustard plant; ground for condiments and used whole in pickles and curries."
"Mustard flour","allergen_source","MUSTARD","definite","","","","mustard powder|ground mustard|english mustard powder","Finely ground mustard seed."
"Prepared mustard","allergen_source","MUSTARD","definite","","","","dijon mustard|wholegrain mustard|american mustard|english mustard|mustard paste","A condiment of ground mustard seed mixed with vinegar, water and salt."
"Mustard oil","allergen_source","MUSTARD","definite","","","","kachi ghani|sarson ka tel","A pungent oil pressed from mustard seeds, common in South Asian cooking."
"Sulphur dioxide","additive","SULPHITE","definite","E220","PRESERVATIVE","2","sulfur dioxide|so2","A preservative and antioxidant used in dried fruit, wine and juices; can trigger asthma and is a declarable allergen above 10 mg/kg."
"Sodium sulphite","additive","SULPHITE","definite","E221","PRESERVATIVE","2","sodium sulfite","A sulphite preservative and antioxidant."
"Sodium bisulphite","additive","SULPHITE","definite","E222","PRESERVATIVE","2","sodium bisulfite|sodium hydrogen sulphite","A sulphite preservative used in wine and some processed foods."
"Sodium metabisulphite","additive","SULPHITE","definite","E223","PRESERVATIVE","2","sodium metabisulfite|sodium pyrosulphite","A widely used sulphite preservative in dried fruit, shrimp, wine and pickles."
"Potassium metabisulphite","additive","SULPHITE","definite","E224","PRESERVATIVE","2","potassium metabisulfite|potassium pyrosulphite","A sulphite preservative common in winemaking and dried fruit."
"Calcium sulphite","additive","SULPHITE","definite","E226","PRESERVATIVE","2","calcium sulfite","A sulphite preservative."
"Potassium bisulphite","additive","SULPHITE","definite","E228","PRESERVATIVE","2","potassium bisulfite|potassium hydrogen sulphite","A sulphite preservative used mainly in wine."
"Curcumin","additive","","","E100","COLOUR","1","turmeric colour|natural yellow 3","A yellow-orange colour extracted from turmeric root."
"Riboflavin","additive","","","E101","COLOUR","1","vitamin b2|lactoflavin","A yellow colour that is also vitamin B2."
"Quinoline yellow","additive","","","E104","COLOUR","3","food yellow 13","A synthetic greenish-yellow dye; linked to hyperactivity in sensitive children."
"Carmine","additive","","","E120","COLOUR","2","cochineal|carminic acid|natural red 4|crimson lake","A crimson colour made from cochineal insects; a concern for vegans and a rare allergen."
"Carmoisine","additive","","","E122","COLOUR","3","azorubine|food red 3","A synthetic red azo dye; linked to hyperactivity in sensitive children."
"Ponceau 4R","additive","","","E124","COLOUR","3","cochineal red a|new coccine|food red 7","A synthetic red azo dye; linked to hyperactivity in sensitive children."
"Erythrosine","additive","","","E127","COLOUR","2","food red 14","A cherry-pink synthetic colour used in glacé cherries."
"Patent blue V","additive","","","E131","COLOUR","2","food blue 5|acid blue 3","A synthetic blue colour."
"Indigotine","additive","","","E132","COLOUR","2","indigo carmine|food blue 1","A synthetic dark-blue colour."
"Brilliant blue FCF","additive","","","E133","COLOUR","2","food blue 2|acid blue 9","A bright synthetic blue colour, often blended to make greens."
"Caramel colour","additive","","","E150a","COLOUR","1","plain caramel|caustic caramel|caramel colouring","A brown colour made by heating sugars; the most widely used food colour, e.g. in colas and sauces."
"Sulphite ammonia caramel","additive","SULPHITE","possible","E150d","COLOUR","1","soft-drink caramel","The caramel colour class used in cola drinks; made with ammonium and sulphite compounds."
"Vegetable carbon","additive","","","E153","COLOUR","1","carbo medicinalis vegetalis|activated charcoal","A black colour made from charred plant material."
"Beta-carotene","additive","","","E160a","COLOUR","1","carotenes|mixed carotenes|provitamin a","An orange colour and vitamin-A precursor, naturally present in carrots."
"Annatto","additive","","","E160b","COLOUR","1","bixin|norbixin|achiote|roucou","An orange-red colour from the seeds of the achiote tree; a rare allergen."
"Paprika extract","additive","","","E160c","COLOUR","1","paprika oleoresin|capsanthin","A red-orange colour from paprika peppers."
"Lutein","additive","","","E161b","COLOUR","1","xanthophyll","A yellow-orange carotenoid colour, also marketed for eye health."
"Beetroot red","additive","","","E162","COLOUR","1","betanin|beet red","A red-purple colour extracted from beetroot."
"Anthocyanins","additive","","","E163","COLOUR","1","grape skin extract|blackcurrant extract","Red-purple-blue colours from fruit and vegetable skins."
"Titanium dioxide","additive","","","E171","COLOUR","2","titanium white","A bright white opacifier; banned as a food additive in the EU since 2022, still permitted elsewhere."
"Iron oxides","additive","","","E172","COLOUR","1","iron oxide|iron hydroxide","Red, yellow and black mineral colours."
"Sorbic acid","additive","","","E200","PRESERVATIVE","1","","A preservative against mould and yeast, often used with its potassium salt."
"Benzoic acid","additive","","","E210","PRESERVATIVE","2","","A preservative for acidic foods and drinks; can trigger reactions in aspirin-sensitive people."
"Sodium nitrate","additive","","","E251","PRESERVATIVE","3","saltpetre|chile saltpeter","A curing salt for meats that slowly converts to nitrite; intake is regulated."
"Potassium nitrate","additive","","","E252","PRESERVATIVE","3","saltpeter","A curing salt used in some traditional cured meats and cheeses; intake is regulated."
"Potassium nitrite","additive","","","E249","PRESERVATIVE","3","","A curing agent and preservative for meats; used like sodium nitrite and regulated."
"Natamycin","additive","","","E235","PRESERVATIVE","1","pimaricin","An anti-mould agent applied to the surface of hard cheese and cured sausage."
"Propionic acid","additive","","","E280","PRESERVATIVE","1","","A preservative against mould and 'rope' bacteria in bread."
"Sodium propionate","additive","","","E281","PRESERVATIVE","1","","A preservative used in bread and baked goods to stop mould."
"Nisin","additive","MILK","possible","E234","PRESERVATIVE","1","","A natural antibacterial peptide produced by dairy bacteria; used in processed cheese and canned foods."
"Sodium ascorbate","additive","","","E301","ANTIOXIDANT","1","","The sodium salt of vitamin C, used to preserve colour in cured meats and prevent oxidation."
"Ascorbyl palmitate","additive","","","E304","ANTIOXIDANT","1","","A fat-soluble form of vitamin C used to protect oils and fats from going rancid."
"Tocopherols","additive","SOY","possible","E306","ANTIOXIDANT","1","mixed tocopherols|natural vitamin e","Vitamin-E antioxidants that protect oils from rancidity; frequently sourced from soybean oil."
"Alpha-tocopherol","additive","","","E307","ANTIOXIDANT","1","synthetic vitamin e","A single-form vitamin-E antioxidant."
"Propyl gallate","additive","","","E310","ANTIOXIDANT","2","","A synthetic antioxidant for oils, fats and chewing-gum base."
"BHA","additive","","","E320","ANTIOXIDANT","2","butylated hydroxyanisole","A synthetic antioxidant for fats and oils; use levels are restricted."
"BHT","additive","","","E321","ANTIOXIDANT","2","butylated hydroxytoluene","A synthetic antioxidant for fats, cereals and packaging; use levels are restricted."
"TBHQ","additive","","","E319","ANTIOXIDANT","2","tertiary butylhydroquinone","A synthetic antioxidant that keeps frying oils and fatty snacks from going rancid."
"Lecithin","allergen_source","SOY","probable","E322","EMULSIFIER","1","soy lecithin|soya lecithin|sunflower lecithin|lecithins","An emulsifier that keeps oil and water mixed; usually from soybeans, sometimes sunflower or egg."
"Mono- and diglycerides of fatty acids","additive","","","E471","EMULSIFIER","1","monoglycerides|diglycerides|mono and diglycerides|glyceryl monostearate","Fat-based emulsifiers used in bread, margarine and ice cream; can be plant- or animal-derived."
"DATEM","additive","","","E472e","EMULSIFIER","1","diacetyl tartaric acid esters of mono- and diglycerides","A dough-strengthening emulsifier common in packaged bread."
"Sucrose esters of fatty acids","additive","","","E473","EMULSIFIER","1","sucrose esters|sugar esters","Emulsifiers made from sugar and fatty acids."
"Polyglycerol esters of fatty acids","additive","","","E475","EMULSIFIER","1","pge","Emulsifiers used in cakes and whipped toppings."
"PGPR","additive","","","E476","EMULSIFIER","1","polyglycerol polyricinoleate","An emulsifier that thins melted chocolate, often used with or instead of lecithin."
"Sodium stearoyl lactylate","additive","","","E481","EMULSIFIER","1","ssl","A dough conditioner and emulsifier in bread and crackers."
"Polysorbate 80","additive","","","E433","EMULSIFIER","1","tween 80|polyoxyethylene sorbitan monooleate","An emulsifier used in ice cream, sauces and vitamin preparations."
"Polysorbate 60","additive","","","E435","EMULSIFIER","1","tween 60","An emulsifier used in bakery products and non-dairy creamers."
"Ammonium phosphatides","additive","","","E442","EMULSIFIER","1","","An emulsifier used specifically in chocolate as a lecithin alternative."
"Alginic acid","additive","","","E400","THICKENER","1","algin","A thickener extracted from brown seaweed."
"Sodium alginate","additive","","","E401","THICKENER","1","alginate","A seaweed-derived thickener and gelling agent, used in restructured foods and 'spherification'."
"Agar","additive","","","E406","STABILISER","1","agar-agar|kanten|china grass","A firm vegetarian gelling agent from red seaweed, a gelatin alternative."
"Locust bean gum","additive","","","E410","THICKENER","1","carob gum|carob bean gum","A thickener from carob tree seeds, common in ice cream and cream cheese."
"Tragacanth","additive","","","E413","THICKENER","1","gum tragacanth","A plant gum used in icings and salad dressings."
"Gum arabic","additive","","","E414","STABILISER","1","acacia gum|gum acacia","A sap gum from acacia trees, used to stabilise soft-drink emulsions and glaze confectionery."
"Tara gum","additive","","","E417","THICKENER","1","","A thickener from the seeds of the tara shrub."
"Gellan gum","additive","","","E418","STABILISER","1","","A microbial gum used to suspend particles in drinks and set fluid gels."
"Pectin","additive","","","E440","THICKENER","1","fruit pectin|amidated pectin","A gelling fibre from citrus peel and apple pomace, the setting agent in jam."
"Carboxymethyl cellulose","additive","","","E466","THICKENER","1","cmc|cellulose gum|sodium carboxymethyl cellulose","A cellulose-based thickener used in ice cream, sauces and gluten-free bread."
"Microcrystalline cellulose","additive","","","E460","STABILISER","1","mcc|cellulose gel","Purified wood-pulp cellulose used as a bulking agent, anti-caking aid and fat replacer."
"Methyl cellulose","additive","","","E461","THICKENER","1","","A plant-fibre thickener that gels when hot; used to bind meat-free burgers."
"Processed eucheuma seaweed","additive","","","E407a","THICKENER","1","pes","A less-refined carrageenan-type seaweed thickener."
"Konjac","additive","","","E425","THICKENER","1","konjac gum|glucomannan|konnyaku","A very strong thickener/gelling fibre from konjac root."
"Dextrin","additive","WHEAT","possible","E1400","THICKENER","1","white dextrin|yellow dextrin|roasted starch","A lightly broken-down starch used as a coating and binder; can be made from wheat."
"Modified starch","additive","WHEAT","possible","E1422","THICKENER","1","acetylated distarch adipate|modified food starch|distarch phosphate","Starch treated to improve stability in cooking and freezing; the source grain (often maize, sometimes wheat) may be declared."
"Oxidised starch","additive","","","E1404","THICKENER","1","","Starch treated with an oxidiser to give a clear, low-viscosity paste for batters and coatings."
"Malic acid","additive","","","E296","ACIDITY_REGULATOR","1","","A sharp fruit acid, naturally abundant in apples; used in sweets and drinks."
"Fumaric acid","additive","","","E297","ACIDITY_REGULATOR","1","","A tart acid used in tortillas, fruit drinks and baking powders."
"Tartaric acid","additive","SULPHITE","possible","E334","ACIDITY_REGULATOR","1","","A grape-derived acid used in sweets and as the acid in cream of tartar; wine-industry sources may carry sulphite traces."
"Sodium citrate","additive","","","E331","ACIDITY_REGULATOR","1","trisodium citrate","A buffering salt of citric acid; the classic 'melting salt' for smooth processed cheese sauce."
"Phosphoric acid","additive","","","E338","ACIDITY_REGULATOR","2","orthophosphoric acid","The acid that gives cola drinks their tang; high intakes are linked to lower bone mineral density."
"Sodium phosphates","additive","","","E339","ACIDITY_REGULATOR","2","monosodium phosphate|disodium phosphate|trisodium phosphate","Buffering and water-binding salts used in processed cheese, cured meats and instant puddings."
"Calcium phosphate","additive","","","E341","ACIDITY_REGULATOR","1","monocalcium phosphate|tricalcium phosphate","An acidity regulator, anti-caking agent and calcium source; also a baking-powder acid."
"Sodium carbonate","additive","","","E500","ACIDITY_REGULATOR","1","soda ash|washing soda","An alkaline salt used to regulate acidity and, as bicarbonate, to leaven."
"Ammonium bicarbonate","additive","","","E503","RAISING_AGENT","1","hartshorn|bakers ammonia","A traditional leavening agent for flat crisp biscuits and crackers."
"Glucono delta-lactone","additive","","","E575","ACIDITY_REGULATOR","1","gdl|glucono-delta-lactone","A slow-acting acid used to set tofu and to acidify cured sausage and baking mixes."
"Sodium diacetate","additive","","","E262","PRESERVATIVE","1","","A vinegar-derived preservative and salt-and-vinegar flavouring for snacks."
"Magnesium carbonate","additive","","","E504","ACIDITY_REGULATOR","1","","An alkaline mineral salt used as an anti-caking and acidity-regulating agent, e.g. in table salt and cocoa."
"Calcium lactate","additive","","","E327","ACIDITY_REGULATOR","1","","A calcium salt used as a firming agent, calcium source and dough conditioner."
"Sodium lactate","additive","","","E325","PRESERVATIVE","1","","A salt of lactic acid used to extend shelf life and control acidity in meats and breads. Not from milk."
"Lactic acid","additive","","","E270","ACIDITY_REGULATOR","1","","A mild acid produced by fermentation; adds tang to pickles, dressings and sourdough. Not milk-derived."
"Acetic acid","additive","","","E260","ACIDITY_REGULATOR","1","glacial acetic acid","The acid of vinegar; used to preserve and to sharpen flavour."
"Cream of tartar","additive","","","E336","ACIDITY_REGULATOR","1","potassium bitartrate|potassium hydrogen tartrate","A grape-derived acid salt that stabilises egg-white foams and is the acid in some baking powders."
"Monosodium glutamate","additive","","","E621","FLAVOUR_ENHANCER","1","msg|sodium glutamate|aji-no-moto|vetsin|ve-tsin","The sodium salt of glutamic acid; adds a savoury 'umami' taste. Extensively studied and considered safe."
"Glutamic acid","additive","","","E620","FLAVOUR_ENHANCER","1","l-glutamic acid","The free amino acid behind umami taste; the parent of MSG."
"Disodium guanylate","additive","","","E627","FLAVOUR_ENHANCER","1","sodium guanylate|gmp","A nucleotide flavour enhancer, almost always paired with MSG or disodium inosinate."
"Disodium inosinate","additive","FISH","possible","E631","FLAVOUR_ENHANCER","1","sodium inosinate|imp","A nucleotide flavour enhancer; can be produced from fish (bonito) or from meat or tapioca."
"Disodium ribonucleotides","additive","","","E635","FLAVOUR_ENHANCER","1","sodium ribonucleotides|disodium 5-ribonucleotides|i and g","A 50/50 blend of disodium guanylate and disodium inosinate."
"Yeast extract","allergen_source","","","","","","autolysed yeast extract|autolyzed yeast|hydrolysed yeast","A savoury paste or powder from broken-down yeast, naturally high in glutamates; used instead of added MSG."
"Hydrolysed vegetable protein","additive","SOY|WHEAT","possible","","","","hvp|hydrolyzed vegetable protein|hydrolysed plant protein","Plant protein (often soy or wheat) broken down into a salty, savoury flavouring."
"Potassium chloride","additive","","","E508","FLAVOUR_ENHANCER","1","potassium salt|salt substitute","A salty-tasting mineral salt used to cut sodium in 'reduced salt' products."
"Acesulfame K","additive","","","E950","SWEETENER","1","acesulfame potassium|ace-k|acesulphame k","An intense artificial sweetener, heat-stable and often blended with aspartame or sucralose."
"Sodium cyclamate","additive","","","E952","SWEETENER","2","cyclamate|cyclamic acid","An artificial sweetener permitted in many countries but banned in the US."
"Saccharin","additive","","","E954","SWEETENER","1","sodium saccharin|benzoic sulfimide","The oldest artificial sweetener; very intense with a slight metallic aftertaste."
"Steviol glycosides","additive","","","E960","SWEETENER","1","stevia|rebaudioside a|reb a|stevia extract","Intense sweeteners extracted from the leaves of the stevia plant."
"Thaumatin","additive","","","E957","SWEETENER","1","talin","A sweet protein from the katemfe fruit, also used as a flavour enhancer."
"Neotame","additive","","","E961","SWEETENER","1","","A very intense artificial sweetener related to aspartame but not a significant source of phenylalanine."
"Sorbitol","additive","","","E420","SWEETENER","1","sorbitol syrup|glucitol","A sugar alcohol used as a sweetener and humectant; large amounts have a laxative effect."
"Mannitol","additive","","","E421","SWEETENER","1","","A sugar alcohol used as a sweetener and anti-caking dusting agent; laxative in quantity."
"Isomalt","additive","","","E953","SWEETENER","1","","A sugar alcohol used in hard candy and sugar sculpture; laxative in quantity."
"Maltitol","additive","","","E965","SWEETENER","1","maltitol syrup|hydrogenated glucose syrup","A sugar alcohol close to sugar in taste and bulk; common in 'no added sugar' chocolate. Laxative in quantity."
"Xylitol","additive","","","E967","SWEETENER","1","birch sugar","A sugar alcohol with a cooling taste, used in mints and gum. Safe for people but highly toxic to dogs."
"Erythritol","additive","","","E968","SWEETENER","1","","A sugar alcohol that is largely absorbed and passed unchanged, so it has almost no calories and little laxative effect."
"Lactitol","additive","","","E966","SWEETENER","1","","A sugar alcohol made from lactose (milk sugar); the finished additive contains no milk protein."
"Diphosphates","additive","","","E450","RAISING_AGENT","1","disodium diphosphate|sodium acid pyrophosphate|sapp|pyrophosphates","The slow acid in most baking powders; also binds water in processed meats."
"Sodium aluminium phosphate","additive","","","E541","RAISING_AGENT","1","salp","An acid used in self-raising flour and cake mixes for a controlled rise."
"Silicon dioxide","additive","","","E551","STABILISER","1","silica|amorphous silica","An anti-caking agent that keeps powdered foods free-flowing. (Category shown as stabiliser for lack of an anti-caking class.)"
"Calcium carbonate","additive","","","E170","COLOUR","1","chalk|limestone","A white mineral used as a colour, acidity regulator, anti-caking agent and calcium fortificant."
"Calcium chloride","additive","","","E509","STABILISER","1","","A firming salt that keeps canned vegetables and tofu firm and is used in cheesemaking."
"Sucrose","neutral","","","","","","table sugar|cane sugar|beet sugar|granulated sugar|caster sugar|icing sugar|white sugar","Ordinary refined sugar, from cane or beet."
"Glucose syrup","neutral","WHEAT","possible","","","","glucose-fructose syrup|liquid glucose|dextrose syrup","A sweet syrup made by breaking down starch; usually maize, sometimes wheat, but refined enough that most coeliacs tolerate it."
"High fructose corn syrup","neutral","","","","","","hfcs|isoglucose|maize syrup","A liquid sweetener from maize starch, enriched in fructose; common in soft drinks and sauces."
"Invert sugar","neutral","","","","","","invert syrup|golden syrup|trimoline","A sugar syrup split into glucose and fructose, valued for keeping baked goods moist."
"Dextrose","neutral","","","","","","glucose|d-glucose|grape sugar|corn sugar","Purified glucose, used as a mild sweetener, browning aid and fermentation feed."
"Molasses","neutral","","","","","","black treacle|blackstrap molasses|treacle","The dark, mineral-rich syrup left after sugar crystallises."
"Honey","neutral","","","","","","clear honey|set honey|honey powder","A natural sweetener made by bees. Not for infants under 12 months (botulism risk)."
"Maple syrup","neutral","","","","","","pure maple syrup|maple sugar","Boiled-down sap of the sugar maple."
"Agave syrup","neutral","","","","","","agave nectar","A high-fructose syrup from the agave plant."
"Coconut sugar","neutral","","","","","","coconut palm sugar|coco sugar","An unrefined sugar from coconut-palm sap."
"Jaggery","neutral","","","","","","gur|panela|palm jaggery|kithul jaggery","Unrefined whole cane or palm sugar, common in South Asian cooking."
"Rice syrup","neutral","","","","","","brown rice syrup|rice malt syrup","A mild sweetener made by fermenting cooked rice starch."
"Maize starch","neutral","","","","","","corn starch|cornflour|corn flour","A fine starch from maize, used to thicken sauces and lighten cakes. Naturally gluten-free."
"Tapioca starch","neutral","","","","","","tapioca flour|cassava starch|manioc starch","A neutral, glossy starch from cassava root; a staple gluten-free thickener."
"Potato starch","neutral","","","","","","farina de patata","A silky starch from potatoes, used in gluten-free baking and to thicken clear sauces."
"Arrowroot","neutral","","","","","","arrowroot starch|arrowroot flour","A fine, clear-setting starch from the arrowroot plant."
"Rice flour","neutral","","","","","","ground rice|rice powder|white rice flour|brown rice flour","Milled rice; a common gluten-free flour and coating."
"Chickpea flour","neutral","","","","","","gram flour|besan|garbanzo flour","Ground chickpeas; used in pakora, socca and as an egg replacer."
"Sunflower oil","neutral","","","","","","sunflower seed oil|high-oleic sunflower oil","A light vegetable oil pressed from sunflower seeds."
"Rapeseed oil","neutral","","","","","","canola oil|colza oil","A neutral vegetable oil; 'canola' is the low-erucic-acid variety."
"Olive oil","neutral","","","","","","extra virgin olive oil|pomace olive oil|virgin olive oil","Oil pressed from olives."
"Coconut oil","neutral","","","","","","copra oil|virgin coconut oil","A solid-at-room-temperature fat from coconut flesh."
"Palm oil","neutral","","","","","","palm fruit oil|palm olein|palm stearin","A semi-solid fat from the fruit of the oil palm."
"Palm kernel oil","neutral","","","","","","palmkernel oil|pko","A harder fat from the seed (kernel) of the oil palm, used in coatings and non-dairy creamers."
"Cocoa powder","neutral","","","","","","cacao powder|dutch-process cocoa|fat-reduced cocoa","Ground, mostly de-fatted roasted cocoa beans."
"Cocoa mass","neutral","","","","","","cocoa liquor|cocoa solids|cacao mass|chocolate liquor|unsweetened chocolate","Ground roasted cocoa nibs — the non-sugar part of dark chocolate."
"Cocoa butter","neutral","","","","","","cacao butter|theobroma oil","The pale fat pressed from cocoa beans; the fat phase of chocolate."
"Vanilla extract","neutral","","","","","","natural vanilla flavouring|vanilla essence|vanilla bean paste","A flavouring made by steeping vanilla pods in alcohol and water."
"Vanillin","neutral","","","","","","synthetic vanilla|methyl vanillin|ethyl vanillin","The single molecule that gives vanilla its main aroma; usually made synthetically."
"Salt","neutral","","","","","","sodium chloride|table salt|sea salt|rock salt|iodised salt|kosher salt","Sodium chloride, the basic seasoning."
"Yeast","neutral","","","","","","bakers yeast|dried yeast|active dry yeast|instant yeast|fresh yeast|compressed yeast","A leavening micro-organism that ferments sugars to make dough rise."
"Baking powder","neutral","WHEAT","possible","","","","raising agent","A ready-mixed leavener of bicarbonate of soda plus an acid salt and a starch filler (sometimes wheat)."
"Black pepper","neutral","","","","","","pepper|ground pepper|peppercorns|white pepper","The dried berry of the pepper vine."
"Turmeric","neutral","","","","","","haldi|curcuma|ground turmeric","A yellow rhizome spice; the source of curcumin colour."
"Cinnamon","neutral","","","","","","cassia|ground cinnamon|cinnamon bark","The aromatic inner bark of cinnamon or cassia trees."
"Garlic powder","neutral","","","","","","dried garlic|granulated garlic|garlic granules","Dehydrated ground garlic."
"Onion powder","neutral","","","","","","dried onion|granulated onion","Dehydrated ground onion."
"Paprika","neutral","","","","","","sweet paprika|smoked paprika|hot paprika","A red spice ground from dried Capsicum peppers."
"Ginger","neutral","","","","","","dried ginger|ground ginger|ginger powder|sonth","A pungent rhizome spice."
"Cumin","neutral","","","","","","jeera|ground cumin|cumin seed","A warm, earthy seed spice central to many curry and chilli blends."
"Coriander","neutral","","","","","","dhania|ground coriander|coriander seed|cilantro","The seed (and leaf) of the coriander plant."
"Rice","neutral","","","","","","white rice|brown rice|basmati|jasmine rice|rice grain","A staple cereal grain; naturally gluten-free."
"Maize","neutral","","","","","","corn|sweetcorn|maize grits|cornmeal|polenta|hominy|corn kernels","A staple cereal grain; naturally gluten-free."
"Potato","neutral","","","","","","potato flakes|dried potato|potato granules|mashed potato powder","A starchy tuber; potato flakes appear in snacks and instant mash."
"Buckwheat","neutral","","","","","","kuttu|soba flour|buckwheat groats|kasha","A gluten-free seed used like a grain; unrelated to wheat despite the name (a rare allergen in its own right)."
"Quinoa","neutral","","","","","","quinua|quinoa flakes|quinoa flour","A gluten-free seed cooked like a grain."
"Millet","neutral","","","","","","bajra|ragi|finger millet|pearl millet|foxtail millet","A group of small-seeded gluten-free cereal grains."
"Sorghum","neutral","","","","","","jowar|milo|great millet|sorghum flour","A gluten-free cereal grain used as flour and in porridge and beer."
"Coconut milk","neutral","TREE_NUT","possible","","","","coconut cream|coconut milk powder","A rich liquid pressed from grated coconut flesh. Coconut is labelled as a tree nut in the US."
"Oat milk","allergen_source","GLUTEN","possible","","","","oat drink|oat beverage","A plant milk made from oats; not certified gluten-free unless stated."
"Gelatine","neutral","","","","","","gelatin|beef gelatin|pork gelatin|halal gelatin|leaf gelatine","A gelling protein from animal (usually pork or beef) skin and bone. Not an allergen, but relevant to dietary and religious restrictions."
"Vinegar","neutral","","","","","","white vinegar|spirit vinegar|distilled vinegar|apple cider vinegar|rice vinegar|balsamic vinegar|wine vinegar","A dilute acetic-acid solution from fermented alcohol. Distilled vinegar is gluten-free even if made from wheat."
"Water","neutral","","","","","","aqua|purified water|filtered water|carbonated water|spring water","The base of most liquid foods and drinks."
"Natural flavouring","neutral","","possible","","","","natural flavour|natural flavours|nature identical flavouring|flavouring","A broad label term. Usually safe, but 'natural flavouring' can occasionally carry milk, egg, soy, fish or nut derivatives — check with the manufacturer for a serious allergy."
"Spices","neutral","","","","","","mixed spices|spice|spice extract|seasoning","A generic label term for a blend of dried aromatic plant parts. Mustard and celery can hide inside 'spices'."
